encoder,layer,rpa,rca
MuQ,0,0.41489,0.60221
MuQ,1,0.46064,0.64712
MuQ,2,0.47327,0.65798
MuQ,3,0.47000,0.65543
MuQ,4,0.46438,0.64703
MuQ,5,0.45484,0.63398
MuQ,6,0.44927,0.62774
MuQ,7,0.43791,0.61465
MuQ,8,0.43115,0.60157
MuQ,9,0.45391,0.63478
MuQ,10,0.45070,0.62726
MuQ,11,0.46257,0.64693
MuQ,12,0.47264,0.65380
MuQ,meanall,0.47197,0.65611
MuQ,weighted,0.48218,0.66714
