encoder,layer,gate
MuQ,0,0.03221
MuQ,1,0.17137
MuQ,2,0.45230
MuQ,3,0.04441
MuQ,4,0.01498
MuQ,5,0.01072
MuQ,6,0.01604
MuQ,7,0.00914
MuQ,8,0.00969
MuQ,9,0.04871
MuQ,10,0.02518
MuQ,11,0.03968
MuQ,12,0.12556
